{"cameraMode":{"drawMode":0,"name":"Shaded","section":"Shading Mode"},"sceneLighting":true,"audioPlay":false,"sceneViewState":{"m_AlwaysRefresh":true,"showFog":true,"showSkybox":true,"showFlares":true,"showImageEffects":true,"showParticleSystems":true,"showVisualEffectGraphs":true,"m_FxEnabled":true},"in2DMode":false,"pivot":{"x":0.8223628997802734,"y":8.936776161193848,"z":-1.2452716827392579},"rotation":{"x":0.025736529380083085,"y":0.9627636671066284,"z":-0.0991625264286995,"w":0.2503949999809265},"size":8.169718742370606,"orthographic":false}