{"cameraMode":{"drawMode":0,"name":"Shaded","section":"Shading Mode"},"sceneLighting":true,"audioPlay":false,"sceneViewState":{"m_AlwaysRefresh":true,"showFog":true,"showSkybox":true,"showFlares":true,"showImageEffects":true,"showParticleSystems":true,"showVisualEffectGraphs":true,"m_FxEnabled":true},"in2DMode":false,"pivot":{"x":-14.166783332824707,"y":1.4412038326263428,"z":27.643692016601564},"rotation":{"x":0.013624467886984349,"y":-0.967481255531311,"z":-0.24691227078437806,"w":-0.05348818749189377},"size":0.8660253882408142,"orthographic":false}