{"cameraMode":{"drawMode":0,"name":"Shaded","section":"Shading Mode"},"sceneLighting":true,"audioPlay":false,"sceneViewState":{"m_AlwaysRefresh":true,"showFog":true,"showSkybox":true,"showFlares":true,"showImageEffects":true,"showParticleSystems":true,"showVisualEffectGraphs":true,"m_FxEnabled":true},"in2DMode":false,"pivot":{"x":4.217256546020508,"y":8.220197677612305,"z":7.631855010986328},"rotation":{"x":-0.002644601510837674,"y":-0.9971222877502441,"z":-0.06378213316202164,"w":0.04186942055821419},"size":8.169718742370606,"orthographic":false}